{"ix":0.009766,"iy":0.009766,"aspect":1,"row_height":0.121094,"ascent":0.080078,"descent":0.021484,"line_gap":0,"cap_height":0.063604,"x_height":0.047,"space_advance":0.027734,"chars":{"0":{"codepoint":48,"rect":[0.789551,0,0.853027,0.121094],"bearing_x":0.005751,"bearing_y":0.005751,"advance_x":0.05551,"flags":4},"1":{"codepoint":49,"rect":[0.853027,0,0.904785,0.121094],"bearing_x":0.01065,"bearing_y":0.01065,"advance_x":0.05551,"flags":4},"2":{"codepoint":50,"rect":[0.904785,0,0.965332,0.121094],"bearing_x":0.005922,"bearing_y":0.005922,"advance_x":0.05551,"flags":4},"3":{"codepoint":51,"rect":[0,0.121094,0.061768,0.242188],"bearing_x":0.006646,"bearing_y":0.006646,"advance_x":0.05551,"flags":4},"4":{"codepoint":52,"rect":[0.061768,0.121094,0.129639,0.242188],"bearing_x":0.002684,"bearing_y":0.002684,"advance_x":0.05551,"flags":4},"5":{"codepoint":53,"rect":[0.129639,0.121094,0.19043,0.242188],"bearing_x":0.007413,"bearing_y":0.007413,"advance_x":0.05551,"flags":4},"6":{"codepoint":54,"rect":[0.19043,0.121094,0.253906,0.242188],"bearing_x":0.005836,"bearing_y":0.005836,"advance_x":0.05551,"flags":4},"7":{"codepoint":55,"rect":[0.253906,0.121094,0.315186,0.242188],"bearing_x":0.007327,"bearing_y":0.007327,"advance_x":0.05551,"flags":4},"8":{"codepoint":56,"rect":[0.315186,0.121094,0.378418,0.242188],"bearing_x":0.005836,"bearing_y":0.005836,"advance_x":0.05551,"flags":4},"9":{"codepoint":57,"rect":[0.378418,0.121094,0.441895,0.242188],"bearing_x":0.005496,"bearing_y":0.005496,"advance_x":0.05551,"flags":4},"!":{"codepoint":33,"rect":[0,0,0.030762,0.121094],"bearing_x":0.011886,"bearing_y":0.011886,"advance_x":0.035061,"flags":8},"\"":{"codepoint":34,"rect":[0.030762,0,0.073242,0.121094],"bearing_x":0.008563,"bearing_y":0.008563,"advance_x":0.040131,"flags":8},"#":{"codepoint":35,"rect":[0.073242,0,0.152344,0.121094],"bearing_x":0.006731,"bearing_y":0.006731,"advance_x":0.073105,"flags":8},"$":{"codepoint":36,"rect":[0.152344,0,0.212646,0.121094],"bearing_x":0.007413,"bearing_y":0.007413,"advance_x":0.05551,"flags":8},"%":{"codepoint":37,"rect":[0.212646,0,0.30542,0.121094],"bearing_x":0.004814,"bearing_y":0.004814,"advance_x":0.082903,"flags":8},"&":{"codepoint":38,"rect":[0.30542,0,0.39209,0.121094],"bearing_x":0.006262,"bearing_y":0.006262,"advance_x":0.077663,"flags":8},"'":{"codepoint":39,"rect":[0.39209,0,0.418213,0.121094],"bearing_x":0.008563,"bearing_y":0.008563,"advance_x":0.023985,"flags":8},"(":{"codepoint":40,"rect":[0.418213,0,0.458496,0.121094],"bearing_x":0.006901,"bearing_y":0.006901,"advance_x":0.034039,"flags":8},")":{"codepoint":41,"rect":[0.458496,0,0.498779,0.121094],"bearing_x":0.006177,"bearing_y":0.006177,"advance_x":0.034039,"flags":8},"*":{"codepoint":42,"rect":[0.498779,0,0.559082,0.121094],"bearing_x":0.001406,"bearing_y":0.001406,"advance_x":0.043624,"flags":8},"+":{"codepoint":43,"rect":[0.559082,0,0.633057,0.121094],"bearing_x":0.009245,"bearing_y":0.009245,"advance_x":0.073105,"flags":8},",":{"codepoint":44,"rect":[0.633057,0,0.668701,0.121094],"bearing_x":0.003153,"bearing_y":0.003153,"advance_x":0.027734,"flags":8},"-":{"codepoint":45,"rect":[0.668701,0,0.709961,0.121094],"bearing_x":0.003834,"bearing_y":0.003834,"advance_x":0.02948,"flags":8},".":{"codepoint":46,"rect":[0.709961,0,0.740723,0.121094],"bearing_x":0.008222,"bearing_y":0.008222,"advance_x":0.027734,"flags":8},"/":{"codepoint":47,"rect":[0.740723,0,0.789551,0.121094],"bearing_x":0,"bearing_y":0,"advance_x":0.029395,"flags":8},":":{"codepoint":58,"rect":[0.441895,0.121094,0.472656,0.242188],"bearing_x":0.009074,"bearing_y":0.009074,"advance_x":0.029395,"flags":8},";":{"codepoint":59,"rect":[0.472656,0.121094,0.509521,0.242188],"bearing_x":0.003153,"bearing_y":0.003153,"advance_x":0.029395,"flags":8},"<":{"codepoint":60,"rect":[0.509521,0.121094,0.583496,0.242188],"bearing_x":0.009245,"bearing_y":0.009245,"advance_x":0.073105,"flags":8},"=":{"codepoint":61,"rect":[0.583496,0.121094,0.657471,0.242188],"bearing_x":0.009245,"bearing_y":0.009245,"advance_x":0.073105,"flags":8},">":{"codepoint":62,"rect":[0.657471,0.121094,0.731445,0.242188],"bearing_x":0.009245,"bearing_y":0.009245,"advance_x":0.073105,"flags":8},"?":{"codepoint":63,"rect":[0.731445,0.121094,0.787598,0.242188],"bearing_x":0.005922,"bearing_y":0.005922,"advance_x":0.046777,"flags":8},"@":{"codepoint":64,"rect":[0.787598,0.121094,0.882324,0.242188],"bearing_x":0.005751,"bearing_y":0.005751,"advance_x":0.087248,"flags":8},"A":{"codepoint":65,"rect":[0.882324,0.121094,0.966064,0.242188],"bearing_x":-0.000511,"bearing_y":-0.000511,"advance_x":0.063008,"flags":2},"B":{"codepoint":66,"rect":[0,0.242188,0.073486,0.363281],"bearing_x":0.004814,"bearing_y":0.004814,"advance_x":0.064116,"flags":2},"C":{"codepoint":67,"rect":[0.073486,0.242188,0.149414,0.363281],"bearing_x":0.004899,"bearing_y":0.004899,"advance_x":0.066757,"flags":2},"D":{"codepoint":68,"rect":[0.149414,0.242188,0.229004,0.363281],"bearing_x":0.004814,"bearing_y":0.004814,"advance_x":0.069952,"flags":2},"E":{"codepoint":69,"rect":[0.229004,0.242188,0.300293,0.363281],"bearing_x":0.004814,"bearing_y":0.004814,"advance_x":0.06369,"flags":2},"F":{"codepoint":70,"rect":[0.300293,0.242188,0.371826,0.363281],"bearing_x":0.004814,"bearing_y":0.004814,"advance_x":0.060537,"flags":2},"G":{"codepoint":71,"rect":[0.371826,0.242188,0.449219,0.363281],"bearing_x":0.004899,"bearing_y":0.004899,"advance_x":0.069696,"flags":2},"H":{"codepoint":72,"rect":[0.449219,0.242188,0.535156,0.363281],"bearing_x":0.004814,"bearing_y":0.004814,"advance_x":0.076087,"flags":2},"I":{"codepoint":73,"rect":[0.535156,0.242188,0.579346,0.363281],"bearing_x":0.004814,"bearing_y":0.004814,"advance_x":0.034465,"flags":2},"J":{"codepoint":74,"rect":[0.579346,0.242188,0.636963,0.363281],"bearing_x":-0.007327,"bearing_y":-0.007327,"advance_x":0.034976,"flags":2},"K":{"codepoint":75,"rect":[0.636963,0.242188,0.718018,0.363281],"bearing_x":0.004814,"bearing_y":0.004814,"advance_x":0.065181,"flags":2},"L":{"codepoint":76,"rect":[0.718018,0.242188,0.788574,0.363281],"bearing_x":0.004814,"bearing_y":0.004814,"advance_x":0.057938,"flags":2},"M":{"codepoint":77,"rect":[0.788574,0.242188,0.888428,0.363281],"bearing_x":0.004345,"bearing_y":0.004345,"advance_x":0.089336,"flags":2},"N":{"codepoint":78,"rect":[0.888428,0.242188,0.976074,0.363281],"bearing_x":0.00426,"bearing_y":0.00426,"advance_x":0.076342,"flags":2},"O":{"codepoint":79,"rect":[0,0.363281,0.081299,0.484375],"bearing_x":0.004899,"bearing_y":0.004899,"advance_x":0.071528,"flags":2},"P":{"codepoint":80,"rect":[0.081299,0.363281,0.151611,0.484375],"bearing_x":0.004814,"bearing_y":0.004814,"advance_x":0.058705,"flags":2},"Q":{"codepoint":81,"rect":[0.151611,0.363281,0.23291,0.484375],"bearing_x":0.004899,"bearing_y":0.004899,"advance_x":0.071528,"flags":2},"R":{"codepoint":82,"rect":[0.23291,0.363281,0.315186,0.484375],"bearing_x":0.004814,"bearing_y":0.004814,"advance_x":0.065692,"flags":2},"S":{"codepoint":83,"rect":[0.315186,0.363281,0.380615,0.484375],"bearing_x":0.007327,"bearing_y":0.007327,"advance_x":0.05977,"flags":2},"T":{"codepoint":84,"rect":[0.380615,0.363281,0.456543,0.484375],"bearing_x":0.000852,"bearing_y":0.000852,"advance_x":0.058194,"flags":2},"U":{"codepoint":85,"rect":[0.456543,0.363281,0.541504,0.484375],"bearing_x":0.00409,"bearing_y":0.00409,"advance_x":0.073531,"flags":2},"V":{"codepoint":86,"rect":[0.541504,0.363281,0.625977,0.484375],"bearing_x":-0.000852,"bearing_y":-0.000852,"advance_x":0.063008,"flags":2},"W":{"codepoint":87,"rect":[0.625977,0.363281,0.734375,0.484375],"bearing_x":0.000426,"bearing_y":0.000426,"advance_x":0.089677,"flags":2},"X":{"codepoint":88,"rect":[0.734375,0.363281,0.814941,0.484375],"bearing_x":0.000511,"bearing_y":0.000511,"advance_x":0.062113,"flags":2},"Y":{"codepoint":89,"rect":[0.814941,0.363281,0.893799,0.484375],"bearing_x":-0.00098,"bearing_y":-0.00098,"advance_x":0.057598,"flags":2},"Z":{"codepoint":90,"rect":[0.893799,0.363281,0.966553,0.484375],