{"ix":0.009766,"iy":0.009766,"aspect":1,"row_height":0.121094,"ascent":0.080078,"descent":0.021484,"line_gap":0,"cap_height":0.063604,"x_height":0.047,"space_advance":0.027734,"chars":{"0":{"codepoint":48,"rect":[0.837646,0,0.901123,0.121094],"bearing_x":0.005709,"bearing_y":0.005709,"advance_x":0.05551,"flags":4},"1":{"codepoint":49,"rect":[0.901123,0,0.952881,0.121094],"bearing_x":0.006092,"bearing_y":0.006092,"advance_x":0.05551,"flags":4},"2":{"codepoint":50,"rect":[0,0.121094,0.068604,0.242188],"bearing_x":-0.000383,"bearing_y":-0.000383,"advance_x":0.05551,"flags":4},"3":{"codepoint":51,"rect":[0.068604,0.121094,0.136963,0.242188],"bearing_x":0.001065,"bearing_y":0.001065,"advance_x":0.05551,"flags":4},"4":{"codepoint":52,"rect":[0.136963,0.121094,0.205811,0.242188],"bearing_x":-0.000341,"bearing_y":-0.000341,"advance_x":0.05551,"flags":4},"5":{"codepoint":53,"rect":[0.205811,0.121094,0.273438,0.242188],"bearing_x":0.001917,"bearing_y":0.001917,"advance_x":0.05551,"flags":4},"6":{"codepoint":54,"rect":[0.273438,0.121094,0.340088,0.242188],"bearing_x":0.00541,"bearing_y":0.00541,"advance_x":0.05551,"flags":4},"7":{"codepoint":55,"rect":[0.340088,0.121094,0.404297,0.242188],"bearing_x":0.010608,"bearing_y":0.010608,"advance_x":0.05551,"flags":4},"8":{"codepoint":56,"rect":[0.404297,0.121094,0.471436,0.242188],"bearing_x":0.003025,"bearing_y":0.003025,"advance_x":0.05551,"flags":4},"9":{"codepoint":57,"rect":[0.471436,0.121094,0.538086,0.242188],"bearing_x":0.002897,"bearing_y":0.002897,"advance_x":0.05551,"flags":4},"!":{"codepoint":33,"rect":[0,0,0.042236,0.121094],"bearing_x":0.006646,"bearing_y":0.006646,"advance_x":0.035061,"flags":8},"\"":{"codepoint":34,"rect":[0.042236,0,0.084717,0.121094],"bearing_x":0.008563,"bearing_y":0.008563,"advance_x":0.040131,"flags":8},"#":{"codepoint":35,"rect":[0.084717,0,0.163818,0.121094],"bearing_x":0.006731,"bearing_y":0.006731,"advance_x":0.073105,"flags":8},"$":{"codepoint":36,"rect":[0.163818,0,0.230469,0.121094],"bearing_x":0.002897,"bearing_y":0.002897,"advance_x":0.05551,"flags":8},"%":{"codepoint":37,"rect":[0.230469,0,0.317139,0.121094],"bearing_x":0.007839,"bearing_y":0.007839,"advance_x":0.082903,"flags":8},"&":{"codepoint":38,"rect":[0.317139,0,0.406006,0.121094],"bearing_x":0.003408,"bearing_y":0.003408,"advance_x":0.077663,"flags":8},"'":{"codepoint":39,"rect":[0.406006,0,0.432129,0.121094],"bearing_x":0.008563,"bearing_y":0.008563,"advance_x":0.023985,"flags":8},"(":{"codepoint":40,"rect":[0.432129,0,0.480225,0.121094],"bearing_x":0.006859,"bearing_y":0.006859,"advance_x":0.034039,"flags":8},")":{"codepoint":41,"rect":[0.480225,0,0.52832,0.121094],"bearing_x":-0.001619,"bearing_y":-0.001619,"advance_x":0.034039,"flags":8},"*":{"codepoint":42,"rect":[0.52832,0,0.588623,0.121094],"bearing_x":0.001406,"bearing_y":0.001406,"advance_x":0.043624,"flags":8},"+":{"codepoint":43,"rect":[0.588623,0,0.662598,0.121094],"bearing_x":0.009245,"bearing_y":0.009245,"advance_x":0.073105,"flags":8},",":{"codepoint":44,"rect":[0.662598,0,0.70166,0.121094],"bearing_x":0.001704,"bearing_y":0.001704,"advance_x":0.027734,"flags":8},"-":{"codepoint":45,"rect":[0.70166,0,0.744141,0.121094],"bearing_x":0.003153,"bearing_y":0.003153,"advance_x":0.02948,"flags":8},".":{"codepoint":46,"rect":[0.744141,0,0.774902,0.121094],"bearing_x":0.00818,"bearing_y":0.00818,"advance_x":0.027734,"flags":8},"/":{"codepoint":47,"rect":[0.774902,0,0.837646,0.121094],"bearing_x":-0.006987,"bearing_y":-0.006987,"advance_x":0.029395,"flags":8},":":{"codepoint":58,"rect":[0.538086,0.121094,0.574219,0.242188],"bearing_x":0.006348,"bearing_y":0.006348,"advance_x":0.029395,"flags":8},";":{"codepoint":59,"rect":[0.574219,0.121094,0.618896,0.242188],"bearing_x":-0.001022,"bearing_y":-0.001022,"advance_x":0.029395,"flags":8},"<":{"codepoint":60,"rect":[0.618896,0.121094,0.692871,0.242188],"bearing_x":0.009245,"bearing_y":0.009245,"advance_x":0.073105,"flags":8},"=":{"codepoint":61,"rect":[0.692871,0.121094,0.766846,0.242188],"bearing_x":0.009245,"bearing_y":0.009245,"advance_x":0.073105,"flags":8},">":{"codepoint":62,"rect":[0.766846,0.121094,0.84082,0.242188],"bearing_x":0.009245,"bearing_y":0.009245,"advance_x":0.073105,"flags":8},"?":{"codepoint":63,"rect":[0.84082,0.121094,0.896484,0.242188],"bearing_x":0.009372,"bearing_y":0.009372,"advance_x":0.046777,"flags":8},"@":{"codepoint":64,"rect":[0.896484,0.121094,0.992676,0.242188],"bearing_x":0.005623,"bearing_y":0.005623,"advance_x":0.087248,"flags":8},"A":{"codepoint":65,"rect":[0,0.242188,0.084717,0.363281],"bearing_x":-0.006731,"bearing_y":-0.006731,"advance_x":0.063008,"flags":2},"B":{"codepoint":66,"rect":[0.084717,0.242188,0.164307,0.363281],"bearing_x":-0.001406,"bearing_y":-0.001406,"advance_x":0.064116,"flags":2},"C":{"codepoint":67,"rect":[0.164307,0.242188,0.244385,0.363281],"bearing_x":0.004516,"bearing_y":0.004516,"advance_x":0.066757,"flags":2},"D":{"codepoint":68,"rect":[0.244385,0.242188,0.330078,0.363281],"bearing_x":-0.001406,"bearing_y":-0.001406,"advance_x":0.069952,"flags":2},"E":{"codepoint":69,"rect":[0.330078,0.242188,0.413086,0.363281],"bearing_x":-0.001406,"bearing_y":-0.001406,"advance_x":0.06369,"flags":2},"F":{"codepoint":70,"rect":[0.413086,0.242188,0.49707,0.363281],"bearing_x":-0.001406,"bearing_y":-0.001406,"advance_x":0.060537,"flags":2},"G":{"codepoint":71,"rect":[0.49707,0.242188,0.577637,0.363281],"bearing_x":0.004857,"bearing_y":0.004857,"advance_x":0.069696,"flags":2},"H":{"codepoint":72,"rect":[0.577637,0.242188,0.676025,0.363281],"bearing_x":-0.001406,"bearing_y":-0.001406,"advance_x":0.076087,"flags":2},"I":{"codepoint":73,"rect":[0.676025,0.242188,0.732666,0.363281],"bearing_x":-0.001406,"bearing_y":-0.001406,"advance_x":0.034465,"flags":2},"J":{"codepoint":74,"rect":[0.732666,0.242188,0.805664,0.363281],"bearing_x":-0.01474,"bearing_y":-0.01474,"advance_x":0.034976,"flags":2},"K":{"codepoint":75,"rect":[0.805664,0.242188,0.895996,0.363281],"bearing_x":-0.001406,"bearing_y":-0.001406,"advance_x":0.065181,"flags":2},"L":{"codepoint":76,"rect":[0.895996,0.242188,0.969482,0.363281],"bearing_x":-0.001406,"bearing_y":-0.001406,"advance_x":0.057938,"flags":2},"M":{"codepoint":77,"rect":[0,0.363281,0.112061,0.484375],"bearing_x":-0.001406,"bearing_y":-0.001406,"advance_x":0.089336,"flags":2},"N":{"codepoint":78,"rect":[0.112061,0.363281,0.212158,0.484375],"bearing_x":-0.001832,"bearing_y":-0.001832,"advance_x":0.076342,"flags":2},"O":{"codepoint":79,"rect":[0.212158,0.363281,0.293701,0.484375],"bearing_x":0.004516,"bearing_y":0.004516,"advance_x":0.071528,"flags":2},"P":{"codepoint":80,"rect":[0.293701,0.363281,0.372803,0.484375],"bearing_x":-0.001406,"bearing_y":-0.001406,"advance_x":0.058705,"flags":2},"Q":{"codepoint":81,"rect":[0.372803,0.363281,0.455811,0.484375],"bearing_x":0.00524,"bearing_y":0.00524,"advance_x":0.071528,"flags":2},"R":{"codepoint":82,"rect":[0.455811,0.363281,0.539062,0.484375],"bearing_x":-0.001406,"bearing_y":-0.001406,"advance_x":0.065692,"flags":2},"S":{"codepoint":83,"rect":[0.539062,0.363281,0.611816,0.484375],"bearing_x":0.002514,"bearing_y":0.002514,"advance_x":0.05977,"flags":2},"T":{"codepoint":84,"rect":[0.611816,0.363281,0.690674,0.484375],"bearing_x":0.00409,"bearing_y":0.00409,"advance_x":0.058194,"flags":2},"U":{"codepoint":85,"rect":[0.690674,0.363281,0.776611,0.484375],"bearing_x":0.0095,"bearing_y":0.0095,"advance_x":0.073531,"flags":2},"V":{"codepoint":86,"rect":[0.776611,0.363281,0.862061,0.484375],"bearing_x":0.004431,"bearing_y":0.004431,"advance_x":0.063008,"flags":2},"W":{"codepoint":87,"rect":[0.862061,0.363281,0.971436,0.484375],"bearing_x":0.005709,"bearing_y":0.005709,"advance_x":0.089677,"flags":2},"X":{"codepoint":88,"rect":[0,0.484375,0.090088,0.605469],"bearing_x":-0.005709,"bearing_y":-0.005709,"advance_x":0.062113,"flags":2},"Y":{"codepoint":89,"rect":[0.090088,0.484375,0.169678,0.605469],"bearing_x":0.004303,"bearing_y":0.004303,"advance_x":0.057598,"flags":2},"Z":{"codepoint":90,