{"ix":0.015625,"iy":0.0178571,"row_height":0.142857,"aspect":1.14286,"ascent":0.0857835,"descent":0.0213594,"line_gap":0,"cap_height":0.0644241,"x_height":0.0483397,"space_advance":0.0154358,"chars":{"0":{"codepoint":48,"rect":[0.918945,0.857143,0.995746,1],"bearing_x":0.00261047,"advance_x":0.0507718,"flags":2},"1":{"codepoint":49,"rect":[0,0.714286,0.0563332,0.857143],"bearing_x":0.00223214,"advance_x":0.0309473,"flags":2},"2":{"codepoint":50,"rect":[0.0566406,0.714286,0.128637,0.857143],"bearing_x":0.00272397,"advance_x":0.0462697,"flags":2},"3":{"codepoint":51,"rect":[0.128906,0.714286,0.203172,0.857143],"bearing_x":0.0027618,"advance_x":0.0485775,"flags":2},"4":{"codepoint":52,"rect":[0.204102,0.714286,0.280789,0.857143],"bearing_x":0.00245914,"advance_x":0.0499773,"flags":2},"5":{"codepoint":53,"rect":[0.28125,0.714286,0.353965,0.857143],"bearing_x":0.00348063,"advance_x":0.047556,"flags":2},"6":{"codepoint":54,"rect":[0.354492,0.714286,0.429326,0.857143],"bearing_x":0.00261047,"advance_x":0.0488045,"flags":2},"7":{"codepoint":55,"rect":[0.429688,0.714286,0.500511,0.857143],"bearing_x":0.00166465,"advance_x":0.0427134,"flags":2},"8":{"codepoint":56,"rect":[0.500977,0.714286,0.575924,0.857143],"bearing_x":0.00261047,"advance_x":0.048918,"flags":2},"9":{"codepoint":57,"rect":[0.576172,0.714286,0.651005,0.857143],"bearing_x":0.00261047,"advance_x":0.0488045,"flags":2},"!":{"codepoint":33,"rect":[0,0.857143,0.0449455,1],"bearing_x":0.00529661,"advance_x":0.0242887,"flags":4},"\"":{"codepoint":34,"rect":[0.0458984,0.857143,0.105258,1],"bearing_x":0.00635593,"advance_x":0.0408217,"flags":4},"#":{"codepoint":35,"rect":[0.105469,0.857143,0.185448,1],"bearing_x":-0.000491828,"advance_x":0.047783,"flags":4},"$":{"codepoint":36,"rect":[0.185547,0.857143,0.261364,1],"bearing_x":0.00181598,"advance_x":0.0481991,"flags":4},"%":{"codepoint":37,"rect":[0.261719,0.857143,0.346691,1],"bearing_x":0.00522094,"advance_x":0.0640511,"flags":4},"&":{"codepoint":38,"rect":[0.347656,0.857143,0.427862,1],"bearing_x":0.00170248,"advance_x":0.049599,"flags":4},"'":{"codepoint":39,"rect":[0.428711,0.857143,0.471159,1],"bearing_x":0.00635593,"advance_x":0.0239104,"flags":4},"(":{"codepoint":40,"rect":[0.47168,0.857143,0.523511,1],"bearing_x":0.00491828,"advance_x":0.0266344,"flags":4},")":{"codepoint":41,"rect":[0.524414,0.857143,0.576245,1],"bearing_x":0.00113499,"advance_x":0.0266344,"flags":4},"*":{"codepoint":42,"rect":[0.577148,0.857143,0.639611,1],"bearing_x":0.00499395,"advance_x":0.0412379,"flags":4},"+":{"codepoint":43,"rect":[0.639648,0.857143,0.709866,1],"bearing_x":0.00556144,"advance_x":0.0501286,"flags":4},",":{"codepoint":44,"rect":[0.709961,0.857143,0.756155,1],"bearing_x":0.0032158,"advance_x":0.0248184,"flags":4},"-":{"codepoint":45,"rect":[0.756836,0.857143,0.813812,1],"bearing_x":0.00401029,"advance_x":0.033747,"flags":4},".":{"codepoint":46,"rect":[0.814453,0.857143,0.85902,1],"bearing_x":0.00514528,"advance_x":0.0236077,"flags":4},"/":{"codepoint":47,"rect":[0.859375,0.857143,0.918886,1],"bearing_x":-0.000302663,"advance_x":0.0276559,"flags":4},":":{"codepoint":58,"rect":[0.651367,0.714286,0.695934,0.857143],"bearing_x":0.00514528,"advance_x":0.0236077,"flags":4},";":{"codepoint":59,"rect":[0.696289,0.714286,0.743429,0.857143],"bearing_x":0.0032158,"advance_x":0.0242509,"flags":4},"<":{"codepoint":60,"rect":[0.744141,0.714286,0.814132,0.857143],"bearing_x":0.00567494,"advance_x":0.0501286,"flags":4},"=":{"codepoint":61,"rect":[0.814453,0.714286,0.883687,0.857143],"bearing_x":0.00605327,"advance_x":0.0501286,"flags":4},">":{"codepoint":62,"rect":[0.883789,0.714286,0.95378,0.857143],"bearing_x":0.00567494,"advance_x":0.0501286,"flags":4},"?":{"codepoint":63,"rect":[0,0.571429,0.0682884,0.714286],"bearing_x":0.00170248,"advance_x":0.0410866,"flags":4},"@":{"codepoint":64,"rect":[0.0683594,0.571429,0.171681,0.714286],"bearing_x":0.00261047,"advance_x":0.0773305,"flags":4},"A":{"codepoint":65,"rect":[0.171875,0.571429,0.25734,0.714286],"bearing_x":0.000567494,"advance_x":0.0553496,"flags":2},"B":{"codepoint":66,"rect":[0.257812,0.571429,0.332533,0.714286],"bearing_x":0.00363196,"advance_x":0.0486531,"flags":2},"C":{"codepoint":67,"rect":[0.333008,0.571429,0.414954,0.714286],"bearing_x":0.00261047,"advance_x":0.0557279,"flags":2},"D":{"codepoint":68,"rect":[0.415039,0.571429,0.493807,0.714286],"bearing_x":0.00363196,"advance_x":0.0537984,"flags":2},"E":{"codepoint":69,"rect":[0.494141,0.571429,0.563451,0.714286],"bearing_x":0.00363196,"advance_x":0.0449077,"flags":2},"F":{"codepoint":70,"rect":[0.563477,0.571429,0.63203,0.714286],"bearing_x":0.00363196,"advance_x":0.042789,"flags":2},"G":{"codepoint":71,"rect":[0.632812,0.571429,0.715099,0.714286],"bearing_x":0.00261047,"advance_x":0.0564089,"flags":2},"H":{"codepoint":72,"rect":[0.71582,0.571429,0.795042,0.714286],"bearing_x":0.00363196,"advance_x":0.0552361,"flags":2},"I":{"codepoint":73,"rect":[0.795898,0.571429,0.839028,0.714286],"bearing_x":0.00363196,"advance_x":0.0191435,"flags":2},"J":{"codepoint":74,"rect":[0.839844,0.571429,0.908511,0.714286],"bearing_x":0.000529661,"advance_x":0.0415784,"flags":2},"K":{"codepoint":75,"rect":[0.90918,0.571429,0.987872,0.714286],"bearing_x":0.00363196,"advance_x":0.0509231,"flags":2},"L":{"codepoint":76,"rect":[0,0.428571,0.0673048,0.571429],"bearing_x":0.00363196,"advance_x":0.0414649,"flags":2},"M":{"codepoint":77,"rect":[0.0673828,0.428571,0.159809,0.571429],"bearing_x":0.00363196,"advance_x":0.0684398,"flags":2},"N":{"codepoint":78,"rect":[0.160156,0.428571,0.238546,0.571429],"bearing_x":0.00363196,"advance_x":0.0544038,"flags":2},"O":{"codepoint":79,"rect":[0.239258,0.428571,0.323285,0.571429],"bearing_x":0.00261047,"advance_x":0.0580357,"flags":2},"P":{"codepoint":80,"rect":[0.324219,0.428571,0.397917,0.571429],"bearing_x":0.00363196,"advance_x":0.0476317,"flags":2},"Q":{"codepoint":81,"rect":[0.398438,0.428571,0.482464,0.571429],"bearing_x":0.00261047,"advance_x":0.0581114,"flags":2},"R":{"codepoint":82,"rect":[0.483398,0.428571,0.559102,0.571429],"bearing_x":0.00363196,"advance_x":0.0483505,"flags":2},"S":{"codepoint":83,"rect":[0.55957,0.428571,0.635387,0.571429],"bearing_x":0.00181598,"advance_x":0.0481991,"flags":2},"T":{"codepoint":84,"rect":[0.635742,0.428571,0.7133,0.571429],"bearing_x":0.00147548,"advance_x":0.0492585,"flags":2},"U":{"codepoint":85,"rect":[0.713867,0.428571,0.791841,0.571429],"bearing_x":0.00363196,"advance_x":0.0539876,"flags":2},"V":{"codepoint":86,"rect":[0.791992,0.428571,0.877457,0.571429],"bearing_x":0.000567494,"advance_x":0.0553496,"flags":2},"W":{"codepoint":87,"rect":[0.87793,0.428571,0.986548,0.571429],"bearing_x":0.000189165,"advance_x":0.0777467,"flags":2},"X":{"codepoint":88,"rect":[0,0.285714,0.0821731,0.428571],"bearing_x":0.000983656,"advance_x":0.0528148,"flags":2},"Y":{"codepoint":89,"rect":[0.0830078,0.285714,0.167224,0.428571],"bearing_x":0.000302663,"advance_x":0.0536093,"flags":2},"Z":{"codepoint":90,"rect":[0.167969,0.285714,0.242424,0.428571],"bearing_x":0.00295097,"advance_x":0.0491071,"flags":2},"[":{"codepoint":91,"rect":[0.243164,0.285714,0.293179,0.428571],"bearing_x":0.00541011,"advance_x":0.0266344,"flags":4},"\\":{"codepoint":92,"rect":[0.293945,0.285714,0.353456,0.428571],"bearing_x":-0.000302663,"advance_x":0.0276559,"flags":4},"]":{"codepoint":93,"rect":[0.353516,0.285714,0.403493,0.428571],"bearing_x":0.00249697,"advance_x":0.0266344,"flags":4},"^":{"codepoint":94,"rect":[0.404297,0.285714,0.468197,0.428571],"bearing_x":0.00128632,"advance_x":0.0352225,"flags":4},"_":{"codepoint":95,"rect":[0.46875,0.285714,0.537001,0.428571],"bearing_x":-0.00128632,"advance_x":0.0343901,"flags":4},"`":{"codepoint":96,"rect":[0.537109,0.285714,0.584363,0.428571],"bearing_x":0.00889074,"advance_x":0.0334821,"flags":4},"a":{"codepoint":97,"rect":[0.584961,0.285714,0.654044,0.428571],"bearing_x":0.00143765,"advance_x":0.0426755,"flags":1},"b":{"codepoint":98,"rect":[0.654297,0.285714,0.726709,0.428571],