{"ix":0.009766,"iy":0.009766,"aspect":1,"row_height":0.121094,"ascent":0.080078,"descent":0.021484,"line_gap":0,"cap_height":0.061615,"x_height":0.047,"space_advance":0.021582,"chars":{"0":{"codepoint":48,"rect":[0.745605,0,0.806641,0.121094],"bearing_x":0.00402,"bearing_y":0.00402,"advance_x":0.049723,"flags":4},"1":{"codepoint":49,"rect":[0.806641,0,0.852783,0.121094],"bearing_x":0.007067,"bearing_y":0.007067,"advance_x":0.049723,"flags":4},"2":{"codepoint":50,"rect":[0.852783,0,0.915771,0.121094],"bearing_x":0.002962,"bearing_y":0.002962,"advance_x":0.049723,"flags":4},"3":{"codepoint":51,"rect":[0.915771,0,0.978027,0.121094],"bearing_x":0.002708,"bearing_y":0.002708,"advance_x":0.049723,"flags":4},"4":{"codepoint":52,"rect":[0,0.121094,0.064453,0.242188],"bearing_x":0.002327,"bearing_y":0.002327,"advance_x":0.049723,"flags":4},"5":{"codepoint":53,"rect":[0.064453,0.121094,0.125488,0.242188],"bearing_x":0.004443,"bearing_y":0.004443,"advance_x":0.049723,"flags":4},"6":{"codepoint":54,"rect":[0.125488,0.121094,0.187256,0.242188],"bearing_x":0.004232,"bearing_y":0.004232,"advance_x":0.049723,"flags":4},"7":{"codepoint":55,"rect":[0.187256,0.121094,0.250244,0.242188],"bearing_x":0.002581,"bearing_y":0.002581,"advance_x":0.049723,"flags":4},"8":{"codepoint":56,"rect":[0.250244,0.121094,0.311279,0.242188],"bearing_x":0.00402,"bearing_y":0.00402,"advance_x":0.049723,"flags":4},"9":{"codepoint":57,"rect":[0.311279,0.121094,0.372314,0.242188],"bearing_x":0.003639,"bearing_y":0.003639,"advance_x":0.049723,"flags":4},"!":{"codepoint":33,"rect":[0,0,0.032959,0.121094],"bearing_x":0.005247,"bearing_y":0.005247,"advance_x":0.023571,"flags":8},"\"":{"codepoint":34,"rect":[0.032959,0,0.074707,0.121094],"bearing_x":0.002708,"bearing_y":0.002708,"advance_x":0.027803,"flags":8},"#":{"codepoint":35,"rect":[0.074707,0,0.141357,0.121094],"bearing_x":0.002708,"bearing_y":0.002708,"advance_x":0.051628,"flags":8},"$":{"codepoint":36,"rect":[0.141357,0,0.202637,0.121094],"bearing_x":0.003893,"bearing_y":0.003893,"advance_x":0.049723,"flags":8},"%":{"codepoint":37,"rect":[0.202637,0,0.27832,0.121094],"bearing_x":0.00402,"bearing_y":0.00402,"advance_x":0.063984,"flags":8},"&":{"codepoint":38,"rect":[0.27832,0,0.350586,0.121094],"bearing_x":0.003005,"bearing_y":0.003005,"advance_x":0.056875,"flags":8},"'":{"codepoint":39,"rect":[0.350586,0,0.378906,0.121094],"bearing_x":0.002666,"bearing_y":0.002666,"advance_x":0.014007,"flags":8},"(":{"codepoint":40,"rect":[0.378906,0,0.421875,0.121094],"bearing_x":0.005247,"bearing_y":0.005247,"advance_x":0.030426,"flags":8},")":{"codepoint":41,"rect":[0.421875,0,0.465332,0.121094],"bearing_x":0.001693,"bearing_y":0.001693,"advance_x":0.030553,"flags":8},"*":{"codepoint":42,"rect":[0.465332,0,0.522217,0.121094],"bearing_x":0.001143,"bearing_y":0.001143,"advance_x":0.039271,"flags":8},"+":{"codepoint":43,"rect":[0.522217,0,0.58374,0.121094],"bearing_x":0.002412,"bearing_y":0.002412,"advance_x":0.047311,"flags":8},",":{"codepoint":44,"rect":[0.58374,0,0.61792,0.121094],"bearing_x":0.001481,"bearing_y":0.001481,"advance_x":0.021159,"flags":8},"-":{"codepoint":45,"rect":[0.61792,0,0.661133,0.121094],"bearing_x":0.004655,"bearing_y":0.004655,"advance_x":0.0336,"flags":8},".":{"codepoint":46,"rect":[0.661133,0,0.694336,0.121094],"bearing_x":0.005332,"bearing_y":0.005332,"advance_x":0.025179,"flags":8},"/":{"codepoint":47,"rect":[0.694336,0,0.745605,0.121094],"bearing_x":-0.00055,"bearing_y":-0.00055,"advance_x":0.032373,"flags":8},":":{"codepoint":58,"rect":[0.372314,0.121094,0.405518,0.242188],"bearing_x":0.00529,"bearing_y":0.00529,"advance_x":0.02446,"flags":8},";":{"codepoint":59,"rect":[0.405518,0.121094,0.440918,0.242188],"bearing_x":0.002412,"bearing_y":0.002412,"advance_x":0.022725,"flags":8},"<":{"codepoint":60,"rect":[0.440918,0.121094,0.496826,0.242188],"bearing_x":0.002285,"bearing_y":0.002285,"advance_x":0.044095,"flags":8},"=":{"codepoint":61,"rect":[0.496826,0.121094,0.553955,0.242188],"bearing_x":0.005755,"bearing_y":0.005755,"advance_x":0.049596,"flags":8},">":{"codepoint":62,"rect":[0.553955,0.121094,0.610107,0.242188],"bearing_x":0.005078,"bearing_y":0.005078,"advance_x":0.044772,"flags":8},"?":{"codepoint":63,"rect":[0.610107,0.121094,0.667725,0.242188],"bearing_x":0.001904,"bearing_y":0.001904,"advance_x":0.043122,"flags":8},"@":{"codepoint":64,"rect":[0.667725,0.121094,0.758545,0.242188],"bearing_x":0.003174,"bearing_y":0.003174,"advance_x":0.077568,"flags":8},"A":{"codepoint":65,"rect":[0.758545,0.121094,0.835693,0.242188],"bearing_x":0.000296,"bearing_y":0.000296,"advance_x":0.058314,"flags":2},"B":{"codepoint":66,"rect":[0.835693,0.121094,0.900879,0.242188],"bearing_x":0.005501,"bearing_y":0.005501,"advance_x":0.055309,"flags":2},"C":{"codepoint":67,"rect":[0.900879,0.121094,0.970703,0.242188],"bearing_x":0.003639,"bearing_y":0.003639,"advance_x":0.056706,"flags":2},"D":{"codepoint":68,"rect":[0,0.242188,0.066406,0.363281],"bearing_x":0.005501,"bearing_y":0.005501,"advance_x":0.056325,"flags":2},"E":{"codepoint":69,"rect":[0.066406,0.242188,0.127197,0.363281],"bearing_x":0.005501,"bearing_y":0.005501,"advance_x":0.04875,"flags":2},"F":{"codepoint":70,"rect":[0.127197,0.242188,0.186768,0.363281],"bearing_x":0.005501,"bearing_y":0.005501,"advance_x":0.04748,"flags":2},"G":{"codepoint":71,"rect":[0.186768,0.242188,0.256348,0.363281],"bearing_x":0.003978,"bearing_y":0.003978,"advance_x":0.059033,"flags":2},"H":{"codepoint":72,"rect":[0.256348,0.242188,0.325928,0.363281],"bearing_x":0.005501,"bearing_y":0.005501,"advance_x":0.061234,"flags":2},"I":{"codepoint":73,"rect":[0.325928,0.242188,0.358154,0.363281],"bearing_x":0.006305,"bearing_y":0.006305,"advance_x":0.025264,"flags":2},"J":{"codepoint":74,"rect":[0.358154,0.242188,0.418945,0.363281],"bearing_x":0.001693,"bearing_y":0.001693,"advance_x":0.048411,"flags":2},"K":{"codepoint":75,"rect":[0.418945,0.242188,0.488525,0.363281],"bearing_x":0.005501,"bearing_y":0.005501,"advance_x":0.055013,"flags":2},"L":{"codepoint":76,"rect":[0.488525,0.242188,0.547607,0.363281],"bearing_x":0.005501,"bearing_y":0.005501,"advance_x":0.04693,"flags":2},"M":{"codepoint":77,"rect":[0.547607,0.242188,0.631836,0.363281],"bearing_x":0.005501,"bearing_y":0.005501,"advance_x":0.075918,"flags":2},"N":{"codepoint":78,"rect":[0.631836,0.242188,0.701416,0.363281],"bearing_x":0.005501,"bearing_y":0.005501,"advance_x":0.061191,"flags":2},"O":{"codepoint":79,"rect":[0.701416,0.242188,0.773193,0.363281],"bearing_x":0.003639,"bearing_y":0.003639,"advance_x":0.059837,"flags":2},"P":{"codepoint":80,"rect":[0.773193,0.242188,0.839844,0.363281],"bearing_x":0.005501,"bearing_y":0.005501,"advance_x":0.055902,"flags":2},"Q":{"codepoint":81,"rect":[0.839844,0.242188,0.911621,0.363281],"bearing_x":0.003555,"bearing_y":0.003555,"advance_x":0.059837,"flags":2},"R":{"codepoint":82,"rect":[0.911621,0.242188,0.979004,0.363281],"bearing_x":0.005501,"bearing_y":0.005501,"advance_x":0.055309,"flags":2},"S":{"codepoint":83,"rect":[0,0.363281,0.06665,0.484375],"bearing_x":0.00292,"bearing_y":0.00292,"advance_x":0.053278,"flags":2},"T":{"codepoint":84,"rect":[0.06665,0.363281,0.13623,0.484375],"bearing_x":0.001693,"bearing_y":0.001693,"advance_x":0.053617,"flags":2},"U":{"codepoint":85,"rect":[0.13623,0.363281,0.202881,0.484375],"bearing_x":0.004909,"bearing_y":0.004909,"advance_x":0.057044,"flags":2},"V":{"codepoint":86,"rect":[0.202881,0.363281,0.27832,0.484375],"bearing_x":0.000296,"bearing_y":0.000296,"advance_x":0.056663,"flags":2},"W":{"codepoint":87,"rect":[0.27832,0.363281,0.370605,0.484375],"bearing_x":0.001481,"bearing_y":0.001481,"advance_x":0.075791,"flags":2},"X":{"codepoint":88,"rect":[0.370605,0.363281,0.443359,0.484375],"bearing_x":0.000931,"bearing_y":0.000931,"advance_x":0.055055,"flags":2},"Y":{"codepoint":89,"rect":[0.443359,0.363281,0.516113,0.484375],"bearing_x":0.000085,"bearing_y":0.000085,"advance_x":0.053574,"flags":2},"Z":{"codepoint":90,"rect":[0.516113,0.363281,0.58252,0.484375],