{"ix":0.009766,"iy":0.009766,"aspect":1,"row_height":0.121094,"ascent":0.080078,"descent":0.021484,"line_gap":0,"cap_height":0.061615,"x_height":0.047,"space_advance":0.021455,"chars":{"0":{"codepoint":48,"rect":[0.711914,0,0.770264,0.121094],"bearing_x":0.004867,"bearing_y":0.004867,"advance_x":0.048665,"flags":4},"1":{"codepoint":49,"rect":[0.770264,0,0.813232,0.121094],"bearing_x":0.007194,"bearing_y":0.007194,"advance_x":0.048665,"flags":4},"2":{"codepoint":50,"rect":[0.813232,0,0.874268,0.121094],"bearing_x":0.003936,"bearing_y":0.003936,"advance_x":0.048665,"flags":4},"3":{"codepoint":51,"rect":[0.874268,0,0.932617,0.121094],"bearing_x":0.003978,"bearing_y":0.003978,"advance_x":0.048665,"flags":4},"4":{"codepoint":52,"rect":[0.932617,0,0.996582,0.121094],"bearing_x":0.002243,"bearing_y":0.002243,"advance_x":0.048665,"flags":4},"5":{"codepoint":53,"rect":[0,0.121094,0.058105,0.242188],"bearing_x":0.006517,"bearing_y":0.006517,"advance_x":0.048665,"flags":4},"6":{"codepoint":54,"rect":[0.058105,0.121094,0.116455,0.242188],"bearing_x":0.005586,"bearing_y":0.005586,"advance_x":0.048665,"flags":4},"7":{"codepoint":55,"rect":[0.116455,0.121094,0.17749,0.242188],"bearing_x":0.003258,"bearing_y":0.003258,"advance_x":0.048665,"flags":4},"8":{"codepoint":56,"rect":[0.17749,0.121094,0.236084,0.242188],"bearing_x":0.00474,"bearing_y":0.00474,"advance_x":0.048665,"flags":4},"9":{"codepoint":57,"rect":[0.236084,0.121094,0.294189,0.242188],"bearing_x":0.004232,"bearing_y":0.004232,"advance_x":0.048665,"flags":4},"!":{"codepoint":33,"rect":[0,0,0.028564,0.121094],"bearing_x":0.006771,"bearing_y":0.006771,"advance_x":0.022301,"flags":8},"\"":{"codepoint":34,"rect":[0.028564,0,0.06543,0.121094],"bearing_x":0.005755,"bearing_y":0.005755,"advance_x":0.027718,"flags":8},"#":{"codepoint":35,"rect":[0.06543,0,0.13208,0.121094],"bearing_x":0.005036,"bearing_y":0.005036,"advance_x":0.053363,"flags":8},"$":{"codepoint":36,"rect":[0.13208,0,0.190918,0.121094],"bearing_x":0.004655,"bearing_y":0.004655,"advance_x":0.048665,"flags":8},"%":{"codepoint":37,"rect":[0.190918,0,0.265625,0.121094],"bearing_x":0.004443,"bearing_y":0.004443,"advance_x":0.063477,"flags":8},"&":{"codepoint":38,"rect":[0.265625,0,0.334473,0.121094],"bearing_x":0.004274,"bearing_y":0.004274,"advance_x":0.05387,"flags":8},"'":{"codepoint":39,"rect":[0.334473,0,0.360352,0.121094],"bearing_x":0.004359,"bearing_y":0.004359,"advance_x":0.015107,"flags":8},"(":{"codepoint":40,"rect":[0.360352,0,0.4021,0.121094],"bearing_x":0.005628,"bearing_y":0.005628,"advance_x":0.029622,"flags":8},")":{"codepoint":41,"rect":[0.4021,0,0.443848,0.121094],"bearing_x":0.001608,"bearing_y":0.001608,"advance_x":0.03013,"flags":8},"*":{"codepoint":42,"rect":[0.443848,0,0.498291,0.121094],"bearing_x":0.001185,"bearing_y":0.001185,"advance_x":0.037324,"flags":8},"+":{"codepoint":43,"rect":[0.498291,0,0.559814,0.121094],"bearing_x":0.003301,"bearing_y":0.003301,"advance_x":0.049131,"flags":8},",":{"codepoint":44,"rect":[0.559814,0,0.591064,0.121094],"bearing_x":0.001227,"bearing_y":0.001227,"advance_x":0.017012,"flags":8},"-":{"codepoint":45,"rect":[0.591064,0,0.631104,0.121094],"bearing_x":0.001566,"bearing_y":0.001566,"advance_x":0.02391,"flags":8},".":{"codepoint":46,"rect":[0.631104,0,0.660156,0.121094],"bearing_x":0.006094,"bearing_y":0.006094,"advance_x":0.022809,"flags":8},"/":{"codepoint":47,"rect":[0.660156,0,0.711914,0.121094],"bearing_x":0.000762,"bearing_y":0.000762,"advance_x":0.035716,"flags":8},":":{"codepoint":58,"rect":[0.294189,0.121094,0.323486,0.242188],"bearing_x":0.005671,"bearing_y":0.005671,"advance_x":0.02099,"flags":8},";":{"codepoint":59,"rect":[0.323486,0.121094,0.355713,0.242188],"bearing_x":0.001735,"bearing_y":0.001735,"advance_x":0.018324,"flags":8},"<":{"codepoint":60,"rect":[0.355713,0.121094,0.409668,0.242188],"bearing_x":0.003047,"bearing_y":0.003047,"advance_x":0.044053,"flags":8},"=":{"codepoint":61,"rect":[0.409668,0.121094,0.464355,0.242188],"bearing_x":0.006432,"bearing_y":0.006432,"advance_x":0.047565,"flags":8},">":{"codepoint":62,"rect":[0.464355,0.121094,0.52002,0.242188],"bearing_x":0.005671,"bearing_y":0.005671,"advance_x":0.04528,"flags":8},"?":{"codepoint":63,"rect":[0.52002,0.121094,0.57373,0.242188],"bearing_x":0.003174,"bearing_y":0.003174,"advance_x":0.040921,"flags":8},"@":{"codepoint":64,"rect":[0.57373,0.121094,0.662598,0.242188],"bearing_x":0.004486,"bearing_y":0.004486,"advance_x":0.077822,"flags":8},"A":{"codepoint":65,"rect":[0.662598,0.121094,0.736328,0.242188],"bearing_x":0.001185,"bearing_y":0.001185,"advance_x":0.056536,"flags":2},"B":{"codepoint":66,"rect":[0.736328,0.121094,0.797607,0.242188],"bearing_x":0.007152,"bearing_y":0.007152,"advance_x":0.053955,"flags":2},"C":{"codepoint":67,"rect":[0.797607,0.121094,0.864502,0.242188],"bearing_x":0.005036,"bearing_y":0.005036,"advance_x":0.05641,"flags":2},"D":{"codepoint":68,"rect":[0.864502,0.121094,0.928467,0.242188],"bearing_x":0.007152,"bearing_y":0.007152,"advance_x":0.056833,"flags":2},"E":{"codepoint":69,"rect":[0.928467,0.121094,0.987061,0.242188],"bearing_x":0.007152,"bearing_y":0.007152,"advance_x":0.049258,"flags":2},"F":{"codepoint":70,"rect":[0,0.242188,0.057617,0.363281],"bearing_x":0.007152,"bearing_y":0.007152,"advance_x":0.047904,"flags":2},"G":{"codepoint":71,"rect":[0.057617,0.242188,0.124512,0.363281],"bearing_x":0.005163,"bearing_y":0.005163,"advance_x":0.059033,"flags":2},"H":{"codepoint":72,"rect":[0.124512,0.242188,0.191162,0.363281],"bearing_x":0.007152,"bearing_y":0.007152,"advance_x":0.061784,"flags":2},"I":{"codepoint":73,"rect":[0.191162,0.242188,0.21875,0.363281],"bearing_x":0.007744,"bearing_y":0.007744,"advance_x":0.023571,"flags":2},"J":{"codepoint":74,"rect":[0.21875,0.242188,0.2771,0.363281],"bearing_x":0.002243,"bearing_y":0.002243,"advance_x":0.047819,"flags":2},"K":{"codepoint":75,"rect":[0.2771,0.242188,0.34375,0.363281],"bearing_x":0.007152,"bearing_y":0.007152,"advance_x":0.054336,"flags":2},"L":{"codepoint":76,"rect":[0.34375,0.242188,0.400635,0.363281],"bearing_x":0.007152,"bearing_y":0.007152,"advance_x":0.046634,"flags":2},"M":{"codepoint":77,"rect":[0.400635,0.242188,0.481445,0.363281],"bearing_x":0.007152,"bearing_y":0.007152,"advance_x":0.075664,"flags":2},"N":{"codepoint":78,"rect":[0.481445,0.242188,0.548096,0.363281],"bearing_x":0.007152,"bearing_y":0.007152,"advance_x":0.061784,"flags":2},"O":{"codepoint":79,"rect":[0.548096,0.242188,0.616943,0.363281],"bearing_x":0.004993,"bearing_y":0.004993,"advance_x":0.059583,"flags":2},"P":{"codepoint":80,"rect":[0.616943,0.242188,0.680664,0.363281],"bearing_x":0.007152,"bearing_y":0.007152,"advance_x":0.054674,"flags":2},"Q":{"codepoint":81,"rect":[0.680664,0.242188,0.75,0.363281],"bearing_x":0.004613,"bearing_y":0.004613,"advance_x":0.059583,"flags":2},"R":{"codepoint":82,"rect":[0.75,0.242188,0.814209,0.363281],"bearing_x":0.007109,"bearing_y":0.007109,"advance_x":0.053363,"flags":2},"S":{"codepoint":83,"rect":[0.814209,0.242188,0.878418,0.363281],"bearing_x":0.003385,"bearing_y":0.003385,"advance_x":0.051416,"flags":2},"T":{"codepoint":84,"rect":[0.878418,0.242188,0.945557,0.363281],"bearing_x":0.002074,"bearing_y":0.002074,"advance_x":0.051712,"flags":2},"U":{"codepoint":85,"rect":[0,0.363281,0.063965,0.484375],"bearing_x":0.005924,"bearing_y":0.005924,"advance_x":0.056198,"flags":2},"V":{"codepoint":86,"rect":[0.063965,0.363281,0.13623,0.484375],"bearing_x":0.001185,"bearing_y":0.001185,"advance_x":0.05514,"flags":2},"W":{"codepoint":87,"rect":[0.13623,0.363281,0.228027,0.484375],"bearing_x":0.002581,"bearing_y":0.002581,"advance_x":0.076891,"flags":2},"X":{"codepoint":88,"rect":[0.228027,0.363281,0.297119,0.484375],"bearing_x":0.002412,"bearing_y":0.002412,"advance_x":0.054336,"flags":2},"Y":{"codepoint":89,"rect":[0.297119,0.363281,0.367188,0.484375],"bearing_x":0.000635,"bearing_y":0.000635,"advance_x":0.052051,"flags":2},"Z":{"codepoint":90,"rect":[0.367188,0.363281,0.431396,0.484375],"bearing_x":0.003639,